{"cameraMode":{"drawMode":0,"name":"Shaded","section":"Shading Mode"},"sceneLighting":true,"audioPlay":false,"sceneViewState":{"m_AlwaysRefresh":false,"showFog":true,"showSkybox":true,"showFlares":true,"showImageEffects":true,"showParticleSystems":true,"showVisualEffectGraphs":true,"m_FxEnabled":true},"in2DMode":false,"pivot":{"x":-1.35652494430542,"y":2.4802894592285158,"z":-4.712082862854004},"rotation":{"x":-0.003431587014347315,"y":0.9873926043510437,"z":-0.15681259334087373,"w":-0.021616609767079355},"size":6.122176170349121,"orthographic":true}