{"cameraMode":{"drawMode":0,"name":"Shaded","section":"Shading Mode"},"sceneLighting":true,"audioPlay":false,"sceneViewState":{"m_AlwaysRefresh":false,"showFog":true,"showSkybox":true,"showFlares":true,"showImageEffects":true,"showParticleSystems":true,"showVisualEffectGraphs":true,"m_FxEnabled":true},"in2DMode":false,"pivot":{"x":-5.188590049743652,"y":0.710813045501709,"z":-15.683452606201172},"rotation":{"x":-0.009294425137341023,"y":0.9907061457633972,"z":-0.09870103746652603,"w":-0.09329254180192948},"size":14.226439476013184,"orthographic":false}