{"cameraMode":{"drawMode":0,"name":"Shaded","section":"Shading Mode"},"sceneLighting":true,"audioPlay":false,"sceneViewState":{"m_AlwaysRefresh":false,"showFog":true,"showSkybox":true,"showFlares":true,"showImageEffects":true,"showParticleSystems":true,"showVisualEffectGraphs":true,"m_FxEnabled":true},"in2DMode":false,"pivot":{"x":-0.9819917678833008,"y":-0.4715263843536377,"z":-3.9629626274108888},"rotation":{"x":0.0018857161048799754,"y":0.988698422908783,"z":-0.14942654967308045,"w":0.012469060719013214},"size":5.154675483703613,"orthographic":true}