{"cameraMode":{"drawMode":0,"name":"Shaded","section":"Shading Mode"},"sceneLighting":true,"audioPlay":false,"sceneViewState":{"m_AlwaysRefresh":false,"showFog":true,"showSkybox":true,"showFlares":true,"showImageEffects":true,"showParticleSystems":true,"showVisualEffectGraphs":true,"m_FxEnabled":true},"in2DMode":false,"pivot":{"x":-1.133567214012146,"y":3.751110076904297,"z":0.00925987958908081},"rotation":{"x":-0.00951508991420269,"y":0.9903891086578369,"z":-0.08967417478561402,"w":-0.1049639880657196},"size":5.0960307121276859,"orthographic":false}